"","Name","Title","Hub","Pathname","Description"
"1","PP_OrangeNodes_6","Physics competency",NA,"PP_OrangeNodes_6.dne",NA
"2","Angels","Angels","PP_OrangeNodes_6","Angels.dne",NA
"3","BackandForth","Back and Forth","PP_OrangeNodes_6","BackandForth.dne",NA
"4","Balance","Balance","PP_OrangeNodes_6","Balance.dne",NA
"5","BasementStairs","Basement Stairs","PP_OrangeNodes_6","BasementStairs.dne",NA
"6","Blocked","Blocked","PP_OrangeNodes_6","Blocked.dne",NA
"7","BlockedbyBlocks","Blocked by Blocks","PP_OrangeNodes_6","BlockedbyBlocks.dne",NA
"8","Bowtie","Bowtie","PP_OrangeNodes_6","Bowtie.dne",NA
"9","BreakfastTime","Breakfast time","PP_OrangeNodes_6","BreakfastTime.dne",NA
"10","BreaktheMaze","Break the maze","PP_OrangeNodes_6","BreaktheMaze.dne",NA
"11","BrokenGuitar","Broken Guitar","PP_OrangeNodes_6","BrokenGuitar.dne",NA
"12","BrokenHeart","Broken Heart","PP_OrangeNodes_6","BrokenHeart.dne",NA
"13","Chain","Chain","PP_OrangeNodes_6","Chain.dne",NA
"14","Collision","Collision","PP_OrangeNodes_6","Collision.dne",NA
"15","CookieMonster","Cookie Monster","PP_OrangeNodes_6","CookieMonster.dne",NA
"16","Dominos","Dominos","PP_OrangeNodes_6","Dominos.dne",NA
"17","Fireworks","Fireworks","PP_OrangeNodes_6","Fireworks.dne",NA
"18","Florida","Florida","PP_OrangeNodes_6","Florida.dne",NA
"19","FlyingBrooms","Flying Brooms","PP_OrangeNodes_6","FlyingBrooms.dne",NA
"20","Frog","Frog","PP_OrangeNodes_6","Frog.dne",NA
"21","GlacierView","Glacier View","PP_OrangeNodes_6","GlacierView.dne",NA
"22","Hammock","Hammock","PP_OrangeNodes_6","Hammock.dne",NA
"23","HitandRun","Hit and Run","PP_OrangeNodes_6","HitandRun.dne",NA
"24","One-eyeBob","One-eye Bob","PP_OrangeNodes_6","OneeyeBob.dne",NA
"25","InvisibleChef","Invisible Chef","PP_OrangeNodes_6","InvisibleChef.dne",NA
"26","KindCloud","Kind Cloud","PP_OrangeNodes_6","KindCloud.dne",NA
"27","LaundryDay","Laundry Day","PP_OrangeNodes_6","LaundryDay.dne",NA
"28","Lighthouse","Lighthouse","PP_OrangeNodes_6","Lighthouse.dne",NA
"29","Lollipop","Lollipop","PP_OrangeNodes_6","Lollipop.dne",NA
"30","MagicBean","Magic Bean","PP_OrangeNodes_6","MagicBean.dne",NA
"31","Mobile","Mobile","PP_OrangeNodes_6","Mobile.dne",NA
"32","NeedforSpeed","Need for Speed","PP_OrangeNodes_6","NeedforSpeed.dne",NA
"33","Pipes","Pipes","PP_OrangeNodes_6","Pipes.dne",NA
"34","PizzaHill","Pizza Hill","PP_OrangeNodes_6","PizzaHill.dne",NA
"35","PlumBlossom","Plum Blossom","PP_OrangeNodes_6","PlumBlossom.dne",NA
"36","RabbitsHole","Rabbit's Hole","PP_OrangeNodes_6","RabbitsHole.dne",NA
"37","RightbetweentheEyes","Right Between the Eyes","PP_OrangeNodes_6","RightbetweentheEyes.dne",NA
"38","RollingStone","Rolling Stone","PP_OrangeNodes_6","RollingStone.dne",NA
"39","Seesaw","Seesaw","PP_OrangeNodes_6","Seesaw.dne",NA
"40","Shelves","Shelves","PP_OrangeNodes_6","Shelves.dne",NA
"41","SkatePark","Skate Park","PP_OrangeNodes_6","SkatePark.dne",NA
"42","Socks","Socks","PP_OrangeNodes_6","Socks.dne",NA
"43","Spiral","Spiral","PP_OrangeNodes_6","Spiral.dne",NA
"44","Spring","Spring","PP_OrangeNodes_6","Spring.dne",NA
"45","StPatricksDay","St. Patrick's Day","PP_OrangeNodes_6","StPatricksDay.dne",NA
"46","TheMuseum","The Museum","PP_OrangeNodes_6","TheMuseum.dne",NA
"47","Tricks","Tricks","PP_OrangeNodes_6","Tricks.dne",NA
"48","TwinPeaks","Twin Peaks","PP_OrangeNodes_6","TwinPeaks.dne",NA
"49","UFO2","UFO2","PP_OrangeNodes_6","UFO2.dne",NA
"50","UndertheCandlestick","Under the Candlestick","PP_OrangeNodes_6","UndertheCandlestick.dne",NA
"51","Whale","Whale","PP_OrangeNodes_6","Whale.dne",NA
"52","WindyDay","Windy Day","PP_OrangeNodes_6","WindyDay.dne",NA
"53","AnnoyingLever","Annoying Lever","PP_OrangeNodes_6","AnnoyingLever.dne",NA
"54","AroundTree","Around the Tree","PP_OrangeNodes_6","AroundTree.dne",NA
"55","Attic","Attic","PP_OrangeNodes_6","Attic.dne",NA
"56","Avalanch","Avalanch","PP_OrangeNodes_6","Avalanch.dne",NA
"57","BigWatermill","Big Watermill","PP_OrangeNodes_6","BigWatermill.dne",NA
"58","CanOpener","Can Opener","PP_OrangeNodes_6","CanOpener.dne",NA
"59","CatchIt","Catch It","PP_OrangeNodes_6","CatchIt.dne",NA
"60","Caterpillar","Caterpillar","PP_OrangeNodes_6","Caterpillar.dne",NA
"61","Caveman","Caveman","PP_OrangeNodes_6","Caveman.dne",NA
"62","ChocolateFactory","Chocolate Factory","PP_OrangeNodes_6","ChocolateFactory.dne",NA
"63","CloudyDay","Cloudy Day","PP_OrangeNodes_6","CloudyDay.dne",NA
"64","ClownChallenge","Clown Challenge","PP_OrangeNodes_6","ClownChallenge.dne",NA
"65","Cornfield","Cornfield","PP_OrangeNodes_6","Cornfield.dne",NA
"66","CosmicCave","Cosmic Cave","PP_OrangeNodes_6","CosmicCave.dne",NA
"67","CrazySeesaw","Crazy Seesaw","PP_OrangeNodes_6","CrazySeesaw.dne",NA
"68","DivingBoard","Diving Board","PP_OrangeNodes_6","DivingBoard.dne",NA
"69","DivingBoardWorld","Diving Board World","PP_OrangeNodes_6","DivingBoardWorld.dne",NA
"70","DolphineShow","Dolphin Show","PP_OrangeNodes_6","DolphineShow.dne",NA
"71","DoubleHoppy","Double Hoppy","PP_OrangeNodes_6","DoubleHoppy.dne",NA
"72","Downhill","Down Hill","PP_OrangeNodes_6","Downhill.dne",NA
"73","Ed","Ed","PP_OrangeNodes_6","Ed.dne",NA
"74","Fe2","Fe2","PP_OrangeNodes_6","Fe2.dne",NA
"75","FlowerPower","Flower Power","PP_OrangeNodes_6","FlowerPower.dne",NA
"76","Freefall","Freefall","PP_OrangeNodes_6","Freefall.dne",NA
"77","GetOverIt","Get Over It!","PP_OrangeNodes_6","GetOverIt.dne",NA
"78","Goal","Goal","PP_OrangeNodes_6","Goal.dne",NA
"79","GreenApple","Green Apple","PP_OrangeNodes_6","GreenApple.dne",NA
"80","HeavyBlocks","Heavy Blocks","PP_OrangeNodes_6","HeavyBlocks.dne",NA
"81","HoleintheWall","Hole in the Wall","PP_OrangeNodes_6","HoleintheWall.dne",NA
"82","LeadtheBall","Lead the Ball","PP_OrangeNodes_6","LeadtheBall.dne",NA
"83","Leprechaun","Leprechaun","PP_OrangeNodes_6","Leprechaun.dne",NA
"84","Lightning","Lightning","PP_OrangeNodes_6","Lightning.dne",NA
"85","LittleMermaid","Little Mermaid","PP_OrangeNodes_6","LittleMermaid.dne",NA
"86","Maze","Maze","PP_OrangeNodes_6","Maze.dne",NA
"87","MrGreen","Mr Green","PP_OrangeNodes_6","MrGreen.dne",NA
"88","Nature","Nature","PP_OrangeNodes_6","Nature.dne",NA
"89","NeedFulcrum","Need Fulcrum","PP_OrangeNodes_6","NeedFulcrum.dne",NA
"90","NeedMoreCoffee","Need More Coffee","PP_OrangeNodes_6","NeedMoreCoffee.dne",NA
"91","NewtonsCradle","Newtons Cradle","PP_OrangeNodes_6","NewtonsCradle.dne",NA
"92","NottooFar","Not too Far","PP_OrangeNodes_6","NottooFar.dne",NA
"93","OneataTime","One at a Time","PP_OrangeNodes_6","OneataTime.dne",NA
"94","OntheUpswing","On the Upswing","PP_OrangeNodes_6","OntheUpswing.dne",NA
"95","PerfectPendulum","Perfect Pendulum","PP_OrangeNodes_6","PerfectPendulum.dne",NA
"96","PerfectToss","Perfect Toss","PP_OrangeNodes_6","PerfectToss.dne",NA
"97","Platforms","Platforms","PP_OrangeNodes_6","Platforms.dne",NA
"98","Rollercoaster","Roller coaster","PP_OrangeNodes_6","Rollercoaster.dne",NA
"99","Scale","Scale","PP_OrangeNodes_6","Scale.dne",NA
"100","Shark","Shark","PP_OrangeNodes_6","Shark.dne",NA
"101","Smiley","Smiley","PP_OrangeNodes_6","Smiley.dne",NA
"102","SmileyMouth","Smiley Mouth","PP_OrangeNodes_6","SmileyMouth.dne",NA
"103","SpaceTravel","Space Travel","PP_OrangeNodes_6","SpaceTravel.dne",NA
"104","SpiderWeb","Spider Web","PP_OrangeNodes_6","SpiderWeb.dne",NA
"105","Stairs","Stairs","PP_OrangeNodes_6","Stairs.dne",NA
"106","StarryNight","Starry Night","PP_OrangeNodes_6","StarryNight.dne",NA
"107","StiffCurtains","Stiff Curtains","PP_OrangeNodes_6","StiffCurtains.dne",NA
"108","SunnyDay","Sunny Day","PP_OrangeNodes_6","SunnyDay.dne",NA
"109","SwampPeople","Swamp People","PP_OrangeNodes_6","SwampPeople.dne",NA
"110","Tetherball","Tetherball","PP_OrangeNodes_6","Tetherball.dne",NA
"111","Tetris","Tetris","PP_OrangeNodes_6","Tetris.dne",NA
"112","ThinkAhead","Think Ahead","PP_OrangeNodes_6","ThinkAhead.dne",NA
"113","ThroughtheCracks","Through the Cracks","PP_OrangeNodes_6","ThroughtheCracks.dne",NA
"114","TimingisEverything","Timing is Everything","PP_OrangeNodes_6","TimingisEverything.dne",NA
"115","Topspin","Top spin","PP_OrangeNodes_6","Topspin.dne",NA
"116","Tricky","Tricky","PP_OrangeNodes_6","Tricky.dne",NA
"117","TrunkSlide","Trunk Slide","PP_OrangeNodes_6","TrunkSlide.dne",NA
"118","Tube","Tube","PP_OrangeNodes_6","Tube.dne",NA
"119","UltimatePinball","Ultimate Pinball","PP_OrangeNodes_6","UltimatePinball.dne",NA
"120","UphillBattle","Uphill Battle","PP_OrangeNodes_6","UphillBattle.dne",NA
"121","UpintheAir","Up in the Air","PP_OrangeNodes_6","UpintheAir.dne",NA
"122","Volcano","Volcano","PP_OrangeNodes_6","Volcano.dne",NA
"123","WatchOut","Watch Out","PP_OrangeNodes_6","WatchOut.dne",NA
"124","Wavy","Wavy","PP_OrangeNodes_6","Wavy.dne",NA
"125","Wedge","Wedge","PP_OrangeNodes_6","Wedge.dne",NA
"126","WorkItUp","Work It Up","PP_OrangeNodes_6","WorkItUp.dne",NA
"127","Yippie","Yippie","PP_OrangeNodes_6","Yippie.dne",NA
"128","youAgain","You Again!","PP_OrangeNodes_6","youAgain.dne",NA
