"","Name","Fun","Node"
"1","Physics_EAP","PnodeEAP","Physics"
"2","ForceAndMotion_EAP","PnodeEAP","ForceAndMotion"
"3","LinearMomentum_EAP","PnodeEAP","LinearMomentum"
"4","Energy_EAP","PnodeEAP","Energy"
"5","Torque_EAP","PnodeEAP","Torque"
"6","NFL_EAP","PnodeEAP","NFL"
"7","NSL_EAP","PnodeEAP","NSL"
"8","NTL_EAP","PnodeEAP","NTL"
"9","POfMom_EAP","PnodeEAP","POfMom"
"10","ConOfMom_EAP","PnodeEAP","ConOfMom"
"11","EnergyTransfer_EAP","PnodeEAP","EnergyTransfer"
"12","EnergyDissipate_EAP","PnodeEAP","EnergyDissipate"
"13","StaticEquilibrium_EAP","PnodeEAP","StaticEquilibrium"
"14","PropertiesofTorque_EAP","PnodeEAP","PropertiesofTorque"
"15","Physics_Margin","PnodeMargin","Physics"
