"Name","Title","Hub","Pathname","Description","","","","","","","","","","","","","","","","","","","","",""
"PP_OrangeNodes_6","Physics competency","NA","PP_OrangeNodes_6.dne","","","","","","","","","","","","","","","","","","","","","",""
"Angels","Angels","PP_OrangeNodes_6","Angels.dne","","","","","","","","","","","","","","","","","","","","","",""
"BackandForth","Back and Forth","PP_OrangeNodes_6","BackandForth.dne","","","","","","","","","","","","","","","","","","","","","",""
"Balance","Balance","PP_OrangeNodes_6","Balance.dne","","","","","","","","","","","","","","","","","","","","","",""
"BasementStairs","Basement Stairs","PP_OrangeNodes_6","BasementStairs.dne","","","","","","","","","","","","","","","","","","","","","",""
"Blocked","Blocked","PP_OrangeNodes_6","Blocked.dne","","","","","","","","","","","","","","","","","","","","","",""
"BlockedbyBlocks","Blocked by Blocks","PP_OrangeNodes_6","BlockedbyBlocks.dne","","","","","","","","","","","","","","","","","","","","","",""
"Bowtie","Bowtie","PP_OrangeNodes_6","Bowtie.dne","","","","","","","","","","","","","","","","","","","","","",""
"BreakfastTime","Breakfast time","PP_OrangeNodes_6","BreakfastTime.dne","","","","","","","","","","","","","","","","","","","","","",""
"BreaktheMaze","Break the maze","PP_OrangeNodes_6","BreaktheMaze.dne","","","","","","","","","","","","","","","","","","","","","",""
"BrokenGuitar","Broken Guitar","PP_OrangeNodes_6","BrokenGuitar.dne","","","","","","","","","","","","","","","","","","","","","",""
"BrokenHeart","Broken Heart","PP_OrangeNodes_6","BrokenHeart.dne","","","","","","","","","","","","","","","","","","","","","",""
"Chain","Chain","PP_OrangeNodes_6","Chain.dne","","","","","","","","","","","","","","","","","","","","","",""
"Collision","Collision","PP_OrangeNodes_6","Collision.dne","","","","","","","","","","","","","","","","","","","","","",""
"CookieMonster","Cookie Monster","PP_OrangeNodes_6","CookieMonster.dne","","","","","","","","","","","","","","","","","","","","","",""
"Dominos","Dominos","PP_OrangeNodes_6","Dominos.dne","","","","","","","","","","","","","","","","","","","","","",""
"Fireworks","Fireworks","PP_OrangeNodes_6","Fireworks.dne","","","","","","","","","","","","","","","","","","","","","",""
"Florida","Florida","PP_OrangeNodes_6","Florida.dne","","","","","","","","","","","","","","","","","","","","","",""
"FlyingBrooms","Flying Brooms","PP_OrangeNodes_6","FlyingBrooms.dne","","","","","","","","","","","","","","","","","","","","","",""
"Frog","Frog","PP_OrangeNodes_6","Frog.dne","","","","","","","","","","","","","","","","","","","","","",""
"GlacierView","Glacier View","PP_OrangeNodes_6","GlacierView.dne","","","","","","","","","","","","","","","","","","","","","",""
"Hammock","Hammock","PP_OrangeNodes_6","Hammock.dne","","","","","","","","","","","","","","","","","","","","","",""
"HitandRun","Hit and Run","PP_OrangeNodes_6","HitandRun.dne","","","","","","","","","","","","","","","","","","","","","",""
"One-eyeBob","One-eye Bob","PP_OrangeNodes_6","OneeyeBob.dne","","","","","","","","","","","","","","","","","","","","","",""
"InvisibleChef","Invisible Chef","PP_OrangeNodes_6","InvisibleChef.dne","","","","","","","","","","","","","","","","","","","","","",""
"KindCloud","Kind Cloud","PP_OrangeNodes_6","KindCloud.dne","","","","","","","","","","","","","","","","","","","","","",""
"LaundryDay","Laundry Day","PP_OrangeNodes_6","LaundryDay.dne","","","","","","","","","","","","","","","","","","","","","",""
"Lighthouse","Lighthouse","PP_OrangeNodes_6","Lighthouse.dne","","","","","","","","","","","","","","","","","","","","","",""
"Lollipop","Lollipop","PP_OrangeNodes_6","Lollipop.dne","","","","","","","","","","","","","","","","","","","","","",""
"MagicBean","Magic Bean","PP_OrangeNodes_6","MagicBean.dne","","","","","","","","","","","","","","","","","","","","","",""
"Mobile","Mobile","PP_OrangeNodes_6","Mobile.dne","","","","","","","","","","","","","","","","","","","","","",""
"NeedforSpeed","Need for Speed","PP_OrangeNodes_6","NeedforSpeed.dne","","","","","","","","","","","","","","","","","","","","","",""
"Pipes","Pipes","PP_OrangeNodes_6","Pipes.dne","","","","","","","","","","","","","","","","","","","","","",""
"PizzaHill","Pizza Hill","PP_OrangeNodes_6","PizzaHill.dne","","","","","","","","","","","","","","","","","","","","","",""
"PlumBlossom","Plum Blossom","PP_OrangeNodes_6","PlumBlossom.dne","","","","","","","","","","","","","","","","","","","","","",""
"RabbitsHole","Rabbits' Hole","PP_OrangeNodes_6","RabbitsHole.dne","","","","","","","","","","","","","","","","","","","","","",""
"RightbetweentheEyes","Right Between the Eyes","PP_OrangeNodes_6","RightbetweentheEyes.dne","","","","","","","","","","","","","","","","","","","","","",""
"RollingStone","Rolling Stone","PP_OrangeNodes_6","RollingStone.dne","","","","","","","","","","","","","","","","","","","","","",""
"Seesaw","Seesaw","PP_OrangeNodes_6","Seesaw.dne","","","","","","","","","","","","","","","","","","","","","",""
"Shelves","Shelves","PP_OrangeNodes_6","Shelves.dne","","","","","","","","","","","","","","","","","","","","","",""
"SkatePark","Skate Park","PP_OrangeNodes_6","SkatePark.dne","","","","","","","","","","","","","","","","","","","","","",""
"Socks","Socks","PP_OrangeNodes_6","Socks.dne","","","","","","","","","","","","","","","","","","","","","",""
"Spiral","Spiral","PP_OrangeNodes_6","Spiral.dne","","","","","","","","","","","","","","","","","","","","","",""
"Spring","Spring","PP_OrangeNodes_6","Spring.dne","","","","","","","","","","","","","","","","","","","","","",""
"StPatricksDay","St. Patrick's Day","PP_OrangeNodes_6","StPatricksDay.dne","","","","","","","","","","","","","","","","","","","","","",""
"TheMuseum","The Museum","PP_OrangeNodes_6","TheMuseum.dne","","","","","","","","","","","","","","","","","","","","","",""
"Tricks","Tricks","PP_OrangeNodes_6","Tricks.dne","","","","","","","","","","","","","","","","","","","","","",""
"TwinPeaks","Twin Peaks","PP_OrangeNodes_6","TwinPeaks.dne","","","","","","","","","","","","","","","","","","","","","",""
"UFO2","UFO2","PP_OrangeNodes_6","UFO2.dne","","","","","","","","","","","","","","","","","","","","","",""
"UndertheCandlestick","Under the Candlestick","PP_OrangeNodes_6","UndertheCandlestick.dne","","","","","","","","","","","","","","","","","","","","","",""
"Whale","Whale","PP_OrangeNodes_6","Whale.dne","","","","","","","","","","","","","","","","","","","","","",""
"WindyDay","Windy Day","PP_OrangeNodes_6","WindyDay.dne","","","","","","","","","","","","","","","","","","","","","",""
"AnnoyingLever","Annoying Lever","PP_OrangeNodes_6","AnnoyingLever.dne","","","","","","","","","","","","","","","","","","","","","",""
"AroundTree","Around the Tree","PP_OrangeNodes_6","AroundTree.dne","","","","","","","","","","","","","","","","","","","","","",""
"Attic","Attic","PP_OrangeNodes_6","Attic.dne","","","","","","","","","","","","","","","","","","","","","",""
"Avalanch","Avalanch","PP_OrangeNodes_6","Avalanch.dne","","","","","","","","","","","","","","","","","","","","","",""
"BigWatermill","Big Watermill","PP_OrangeNodes_6","BigWatermill.dne","","","","","","","","","","","","","","","","","","","","","",""
"CanOpener","Can Opener","PP_OrangeNodes_6","CanOpener.dne","","","","","","","","","","","","","","","","","","","","","",""
"CatchIt","Catch It","PP_OrangeNodes_6","CatchIt.dne","","","","","","","","","","","","","","","","","","","","","",""
"Caterpillar","Caterpillar","PP_OrangeNodes_6","Caterpillar.dne","","","","","","","","","","","","","","","","","","","","","",""
"Caveman","Caveman","PP_OrangeNodes_6","Caveman.dne","","","","","","","","","","","","","","","","","","","","","",""
"ChocolateFactory","Chocolate Factory","PP_OrangeNodes_6","ChocolateFactory.dne","","","","","","","","","","","","","","","","","","","","","",""
"CloudyDay","Cloudy Day","PP_OrangeNodes_6","CloudyDay.dne","","","","","","","","","","","","","","","","","","","","","",""
"ClownChallenge","Clown Challenge","PP_OrangeNodes_6","ClownChallenge.dne","","","","","","","","","","","","","","","","","","","","","",""
"Cornfield","Cornfield","PP_OrangeNodes_6","Cornfield.dne","","","","","","","","","","","","","","","","","","","","","",""
"CosmicCave","Cosmic Cave","PP_OrangeNodes_6","CosmicCave.dne","","","","","","","","","","","","","","","","","","","","","",""
"CrazySeesaw","Crazy Seesaw","PP_OrangeNodes_6","CrazySeesaw.dne","","","","","","","","","","","","","","","","","","","","","",""
"DivingBoard","Diving Board","PP_OrangeNodes_6","DivingBoard.dne","","","","","","","","","","","","","","","","","","","","","",""
"DivingBoardWorld","Diving Board World","PP_OrangeNodes_6","DivingBoardWorld.dne","","","","","","","","","","","","","","","","","","","","","",""
"DolphineShow","Dolphin Show","PP_OrangeNodes_6","DolphineShow.dne","","","","","","","","","","","","","","","","","","","","","",""
"DoubleHoppy","Double Hoppy","PP_OrangeNodes_6","DoubleHoppy.dne","","","","","","","","","","","","","","","","","","","","","",""
"Downhill","Down Hill","PP_OrangeNodes_6","Downhill.dne","","","","","","","","","","","","","","","","","","","","","",""
"Ed","Ed","PP_OrangeNodes_6","Ed.dne","","","","","","","","","","","","","","","","","","","","","",""
"Fe2","Fe2","PP_OrangeNodes_6","Fe2.dne","","","","","","","","","","","","","","","","","","","","","",""
"FlowerPower","Flower Power","PP_OrangeNodes_6","FlowerPower.dne","","","","","","","","","","","","","","","","","","","","","",""
"Freefall","Freefall","PP_OrangeNodes_6","Freefall.dne","","","","","","","","","","","","","","","","","","","","","",""
"GetOverIt","Get Over It!","PP_OrangeNodes_6","GetOverIt.dne","","","","","","","","","","","","","","","","","","","","","",""
"Goal","Goal","PP_OrangeNodes_6","Goal.dne","","","","","","","","","","","","","","","","","","","","","",""
"GreenApple","Green Apple","PP_OrangeNodes_6","GreenApple.dne","","","","","","","","","","","","","","","","","","","","","",""
"HeavyBlocks","Heavy Blocks","PP_OrangeNodes_6","HeavyBlocks.dne","","","","","","","","","","","","","","","","","","","","","",""
"HoleintheWall","Hole in the Wall","PP_OrangeNodes_6","HoleintheWall.dne","","","","","","","","","","","","","","","","","","","","","",""
"LeadtheBall","Lead the Ball","PP_OrangeNodes_6","LeadtheBall.dne","","","","","","","","","","","","","","","","","","","","","",""
"Leprechaun","Leprechaun","PP_OrangeNodes_6","Leprechaun.dne","","","","","","","","","","","","","","","","","","","","","",""
"Lightning","Lightning","PP_OrangeNodes_6","Lightning.dne","","","","","","","","","","","","","","","","","","","","","",""
"LittleMermaid","Little Mermaid","PP_OrangeNodes_6","LittleMermaid.dne","","","","","","","","","","","","","","","","","","","","","",""
"Maze","Maze","PP_OrangeNodes_6","Maze.dne","","","","","","","","","","","","","","","","","","","","","",""
"MrGreen","Mr Green","PP_OrangeNodes_6","MrGreen.dne","","","","","","","","","","","","","","","","","","","","","",""
"Nature","Nature","PP_OrangeNodes_6","Nature.dne","","","","","","","","","","","","","","","","","","","","","",""
"NeedFulcrum","Need Fulcrum","PP_OrangeNodes_6","NeedFulcrum.dne","","","","","","","","","","","","","","","","","","","","","",""
"NeedMoreCoffee","Need More Coffee","PP_OrangeNodes_6","NeedMoreCoffee.dne","","","","","","","","","","","","","","","","","","","","","",""
"NewtonsCradle","Newton's Cradle","PP_OrangeNodes_6","NewtonsCradle.dne","","","","","","","","","","","","","","","","","","","","","",""
"NottooFar","Not too Far","PP_OrangeNodes_6","NottooFar.dne","","","","","","","","","","","","","","","","","","","","","",""
"OneataTime","One at a time","PP_OrangeNodes_6","OneataTime.dne","","","","","","","","","","","","","","","","","","","","","",""
"OntheUpswing","On the Upswing","PP_OrangeNodes_6","OntheUpswing.dne","","","","","","","","","","","","","","","","","","","","","",""
"PerfectPendulum","Perfect Pendulum","PP_OrangeNodes_6","PerfectPendulum.dne","","","","","","","","","","","","","","","","","","","","","",""
"PerfectToss","Perfect Toss","PP_OrangeNodes_6","PerfectToss.dne","","","","","","","","","","","","","","","","","","","","","",""
"Platforms","Platforms","PP_OrangeNodes_6","Platforms.dne","","","","","","","","","","","","","","","","","","","","","",""
"Rollercoaster","Roller coaster","PP_OrangeNodes_6","Rollercoaster.dne","","","","","","","","","","","","","","","","","","","","","",""
"Scale","Scale","PP_OrangeNodes_6","Scale.dne","","","","","","","","","","","","","","","","","","","","","",""
"Shark","Shark","PP_OrangeNodes_6","Shark.dne","","","","","","","","","","","","","","","","","","","","","",""
"Smiley","Smiley","PP_OrangeNodes_6","Smiley.dne","","","","","","","","","","","","","","","","","","","","","",""
"SmileyMouth","Smiley Mouth","PP_OrangeNodes_6","SmileyMouth.dne","","","","","","","","","","","","","","","","","","","","","",""
"SpaceTravel","Space Travel","PP_OrangeNodes_6","SpaceTravel.dne","","","","","","","","","","","","","","","","","","","","","",""
"SpiderWeb","Spider Web","PP_OrangeNodes_6","SpiderWeb.dne","","","","","","","","","","","","","","","","","","","","","",""
"Stairs","Stairs","PP_OrangeNodes_6","Stairs.dne","","","","","","","","","","","","","","","","","","","","","",""
"StarryNight","Starry Night","PP_OrangeNodes_6","StarryNight.dne","","","","","","","","","","","","","","","","","","","","","",""
"StiffCurtains","Stiff Curtains","PP_OrangeNodes_6","StiffCurtains.dne","","","","","","","","","","","","","","","","","","","","","",""
"SunnyDay","Sunny Day","PP_OrangeNodes_6","SunnyDay.dne","","","","","","","","","","","","","","","","","","","","","",""
"SwampPeople","Swamp People","PP_OrangeNodes_6","SwampPeople.dne","","","","","","","","","","","","","","","","","","","","","",""
"Tetherball","Tetherball","PP_OrangeNodes_6","Tetherball.dne","","","","","","","","","","","","","","","","","","","","","",""
"Tetris","Tetris","PP_OrangeNodes_6","Tetris.dne","","","","","","","","","","","","","","","","","","","","","",""
"ThinkAhead","Think Ahead","PP_OrangeNodes_6","ThinkAhead.dne","","","","","","","","","","","","","","","","","","","","","",""
"ThroughtheCracks","Through the Cracks","PP_OrangeNodes_6","ThroughtheCracks.dne","","","","","","","","","","","","","","","","","","","","","",""
"TimingisEverything","Timing is Everything","PP_OrangeNodes_6","TimingisEverything.dne","","","","","","","","","","","","","","","","","","","","","",""
"Topspin","Top spin","PP_OrangeNodes_6","Topspin.dne","","","","","","","","","","","","","","","","","","","","","",""
"Tricky","Tricky","PP_OrangeNodes_6","Tricky.dne","","","","","","","","","","","","","","","","","","","","","",""
"TrunkSlide","Trunk Slide","PP_OrangeNodes_6","TrunkSlide.dne","","","","","","","","","","","","","","","","","","","","","",""
"Tube","Tube","PP_OrangeNodes_6","Tube.dne","","","","","","","","","","","","","","","","","","","","","",""
"UltimatePinball","Ultimate Pinball","PP_OrangeNodes_6","UltimatePinball.dne","","","","","","","","","","","","","","","","","","","","","",""
"UphillBattle","Uphill Battle","PP_OrangeNodes_6","UphillBattle.dne","","","","","","","","","","","","","","","","","","","","","",""
"UpintheAir","Up in the Air","PP_OrangeNodes_6","UpintheAir.dne","","","","","","","","","","","","","","","","","","","","","",""
"Volcano","Volcano","PP_OrangeNodes_6","Volcano.dne","","","","","","","","","","","","","","","","","","","","","",""
"WatchOut","Watch Out","PP_OrangeNodes_6","WatchOut.dne","","","","","","","","","","","","","","","","","","","","","",""
"Wavy","Wavy","PP_OrangeNodes_6","Wavy.dne","","","","","","","","","","","","","","","","","","","","","",""
"Wedge","Wedge","PP_OrangeNodes_6","Wedge.dne","","","","","","","","","","","","","","","","","","","","","",""
"WorkItUp","Work It Up","PP_OrangeNodes_6","WorkItUp.dne","","","","","","","","","","","","","","","","","","","","","",""
"Yippie","Yippie!","PP_OrangeNodes_6","Yippie.dne","","","","","","","","","","","","","","","","","","","","","",""
"youAgain","You Again!","PP_OrangeNodes_6","youAgain.dne","","","","","","","","","","","","","","","","","","","","","",""