"Name","Fun","Node","","","","","","","","","","","","","","","","","","","","","","",""
"Physics_EAP","PnodeEAP","Physics","","","","","","","","","","","","","","","","","","","","","","",""
"ForceAndMotion_EAP","PnodeEAP","ForceAndMotion","","","","","","","","","","","","","","","","","","","","","","",""
"LinearMomentum_EAP","PnodeEAP","LinearMomentum","","","","","","","","","","","","","","","","","","","","","","",""
"Energy_EAP","PnodeEAP","Energy","","","","","","","","","","","","","","","","","","","","","","",""
"Torque_EAP","PnodeEAP","Torque","","","","","","","","","","","","","","","","","","","","","","",""
"NFL_EAP","PnodeEAP","NFL","","","","","","","","","","","","","","","","","","","","","","",""
"NSL_EAP","PnodeEAP","NSL","","","","","","","","","","","","","","","","","","","","","","",""
"NTL_EAP","PnodeEAP","NTL","","","","","","","","","","","","","","","","","","","","","","",""
"POfMom_EAP","PnodeEAP","POfMom","","","","","","","","","","","","","","","","","","","","","","",""
"ConOfMom_EAP","PnodeEAP","ConOfMom","","","","","","","","","","","","","","","","","","","","","","",""
"EnergyTransfer_EAP","PnodeEAP","EnergyTransfer","","","","","","","","","","","","","","","","","","","","","","",""
"EnergyDissipate_EAP","PnodeEAP","EnergyDissipate","","","","","","","","","","","","","","","","","","","","","","",""
"StaticEquilibrium_EAP","PnodeEAP","StaticEquilibrium","","","","","","","","","","","","","","","","","","","","","","",""
"PropertiesofTorque_EAP","PnodeEAP","PropertiesofTorque","","","","","","","","","","","","","","","","","","","","","","",""
"Physics_Margin","PnodeMargin","Physics","","","","","","","","","","","","","","","","","","","","","","",""